{"Temperature": 24.984375, "Pressure": 891.59033203125, "Humidity": 35.03125, "Roll": 31.393959020297192, "Pitch": 0.0, "Yaw": 0.0, "x": 0, "y": 0}